Company ID,Account Owner Name
C078,Lee Hanson
C093,David Michael
C067,Traci White
C085,Andre White
C092,Jonathan Randolph
C003,Breanna Moore
C044,David Greene
C007,Thomas Mays
C027,Felicia Mcknight
C095,Cory Cooper
C099,Kimberly Anderson
C005,Marcia Davis
C082,Samantha Harris
C009,Jessica Jackson
C084,Melissa Johnson
C013,Chad Hess
C026,Kyle Edwards
C087,Maria Ellis
C062,Ashley Torres
C025,Ronald Johnson
C090,Michael Simmons
C033,Leslie Taylor
C015,Lance Howard
C057,Dylan Garcia
C050,Ian Walker
C031,Timothy Martin
C073,Courtney Morgan
C066,Jackie Mitchell
C089,Scott Price
C081,Erika Strong
C043,Thomas Armstrong
C096,Shane Walsh
C077,George Perez
C079,Kenneth Vargas
C039,Randy Blevins
C034,William Castillo
C053,Troy Meyer
C059,Jose Murray
C051,Nicholas Hunt
C076,Kristin Graham
C016,Linda Roy
C037,Eric Miller
C048,Cynthia Norman
C086,Kristin Williams
C023,Haley Carter
C080,Joshua Floyd
C017,Lisa Smith
C060,Terry Palmer
C008,Katherine Pierce
C035,Brianna Hill
C042,David Tanner
C030,Brittany Ashley
C070,Jonathon Jones
C010,Jenna Barber
C022,Adrienne Wu
C100,John Hendrix
C047,Michelle Parker
C001,Karen Mcgrath
C028,Michelle Rodriguez
C056,Frederick Smith
C075,Donald Rivera
C038,Kelsey Wall
C061,Marvin Garrison
C083,Mr. James Valdez
C091,Cynthia Hendricks
C097,Michael Costa
C065,Kenneth Stafford
C098,Gregory Cowan
C052,Hannah Campbell
C036,Heather Davis
C072,Jessica Sanchez
C040,Mark Gonzalez
C002,Stephen Cook
C094,Anthony Frazier
C012,Jason Ferguson
C064,Bradley Velazquez
C021,Connor Collier
C019,Kristin Cain MD
C032,Kelly Green
C006,Tammy Hall
C014,Randy Lee
C011,Erin Hughes
C046,David Jones
C054,Chelsea Griffin
C018,Christopher Reid
C029,Ashley Ramos
C068,Andrea Taylor
C041,Bruce Atkins
C074,David Holder
C045,Ralph Peterson
C088,Jonathan Williams
C055,Sharon Fox
C071,Derek Mccall
C069,Meredith Mosley
C004,Rhonda Davis
C058,Natalie Valenzuela
C024,Felicia Knight
C020,Dennis Sims
C049,Antonio Horne
C063,Daniel Sherman
